{
  "Pub Message" : {
    "transaction" : "Pub Message",
    "sampleCount" : 20000,
    "errorCount" : 635,
    "errorPct" : 3.175,
    "meanResTime" : 1614.4543499999897,
    "medianResTime" : 1282.0,
    "minResTime" : 0.0,
    "maxResTime" : 19814.0,
    "pct1ResTime" : 2834.0,
    "pct2ResTime" : 3260.9500000000007,
    "pct3ResTime" : 7099.0,
    "throughput" : 143.07891517566514,
    "receivedKBytesPerSec" : 2.9689783114720676,
    "sentKBytesPerSec" : 9.409192227863905
  },
  "MQTT Disconnect" : {
    "transaction" : "MQTT Disconnect",
    "sampleCount" : 20000,
    "errorCount" : 635,
    "errorPct" : 3.175,
    "meanResTime" : 1049.2267999999992,
    "medianResTime" : 638.0,
    "minResTime" : 0.0,
    "maxResTime" : 10015.0,
    "pct1ResTime" : 3226.9000000000015,
    "pct2ResTime" : 3558.0,
    "pct3ResTime" : 6513.920000000013,
    "throughput" : 143.204926249463,
    "receivedKBytesPerSec" : 1.6634846457468138,
    "sentKBytesPerSec" : 0.0
  },
  "Sub Validation" : {
    "transaction" : "Sub Validation",
    "sampleCount" : 20000,
    "errorCount" : 18069,
    "errorPct" : 90.345,
    "meanResTime" : 2.999999999999996E-4,
    "medianResTime" : 0.0,
    "minResTime" : 0.0,
    "maxResTime" : 1.0,
    "pct1ResTime" : 0.0,
    "pct2ResTime" : 0.0,
    "pct3ResTime" : 0.0,
    "throughput" : 143.29316348317022,
    "receivedKBytesPerSec" : 9.494858294256092,
    "sentKBytesPerSec" : 0.0
  },
  "MQTT Connect (SSL)" : {
    "transaction" : "MQTT Connect (SSL)",
    "sampleCount" : 20000,
    "errorCount" : 621,
    "errorPct" : 3.105,
    "meanResTime" : 3418.2820500000203,
    "medianResTime" : 2578.0,
    "minResTime" : 0.0,
    "maxResTime" : 10016.0,
    "pct1ResTime" : 5929.0,
    "pct2ResTime" : 7831.950000000001,
    "pct3ResTime" : 10008.0,
    "throughput" : 142.71239171697277,
    "receivedKBytesPerSec" : 1.7107647957072114,
    "sentKBytesPerSec" : 0.0
  },
  "Total" : {
    "transaction" : "Total",
    "sampleCount" : 80000,
    "errorCount" : 19960,
    "errorPct" : 24.95,
    "meanResTime" : 1520.4908750000018,
    "medianResTime" : 650.0,
    "minResTime" : 0.0,
    "maxResTime" : 19814.0,
    "pct1ResTime" : 3263.0,
    "pct2ResTime" : 4138.950000000001,
    "pct3ResTime" : 7805.960000000006,
    "throughput" : 566.4117813650524,
    "receivedKBytesPerSec" : 15.663553614415179,
    "sentKBytesPerSec" : 9.312129121973236
  }
}