{
  "Pub Message" : {
    "transaction" : "Pub Message",
    "sampleCount" : 10000,
    "errorCount" : 0,
    "errorPct" : 0.0,
    "meanResTime" : 394.9746000000013,
    "medianResTime" : 267.0,
    "minResTime" : 148.0,
    "maxResTime" : 2195.0,
    "pct1ResTime" : 725.0,
    "pct2ResTime" : 771.9499999999989,
    "pct3ResTime" : 832.9899999999998,
    "throughput" : 169.6986152592995,
    "receivedKBytesPerSec" : 3.314426079283193,
    "sentKBytesPerSec" : 11.434769973527017
  },
  "MQTT Disconnect" : {
    "transaction" : "MQTT Disconnect",
    "sampleCount" : 10000,
    "errorCount" : 0,
    "errorPct" : 0.0,
    "meanResTime" : 314.9059000000003,
    "medianResTime" : 347.0,
    "minResTime" : 81.0,
    "maxResTime" : 1918.0,
    "pct1ResTime" : 455.0,
    "pct2ResTime" : 476.0,
    "pct3ResTime" : 508.0,
    "throughput" : 170.07381203442293,
    "receivedKBytesPerSec" : 1.8269647777135276,
    "sentKBytesPerSec" : 0.0
  },
  "Sub Validation" : {
    "transaction" : "Sub Validation",
    "sampleCount" : 10000,
    "errorCount" : 6,
    "errorPct" : 0.06,
    "meanResTime" : 0.0,
    "medianResTime" : 0.0,
    "minResTime" : 0.0,
    "maxResTime" : 0.0,
    "pct1ResTime" : 0.0,
    "pct2ResTime" : 0.0,
    "pct3ResTime" : 0.0,
    "throughput" : 170.32003133888577,
    "receivedKBytesPerSec" : 11.472052079607582,
    "sentKBytesPerSec" : 0.0
  },
  "MQTT Connect (SSL)" : {
    "transaction" : "MQTT Connect (SSL)",
    "sampleCount" : 10000,
    "errorCount" : 0,
    "errorPct" : 0.0,
    "meanResTime" : 1198.7490000000018,
    "medianResTime" : 1391.5,
    "minResTime" : 335.0,
    "maxResTime" : 2153.0,
    "pct1ResTime" : 1562.0,
    "pct2ResTime" : 1602.0,
    "pct3ResTime" : 1646.0,
    "throughput" : 168.73365392727578,
    "receivedKBytesPerSec" : 1.812568548046908,
    "sentKBytesPerSec" : 0.0
  },
  "Total" : {
    "transaction" : "Total",
    "sampleCount" : 40000,
    "errorCount" : 6,
    "errorPct" : 0.015,
    "meanResTime" : 477.1573750000015,
    "medianResTime" : 324.0,
    "minResTime" : 0.0,
    "maxResTime" : 2195.0,
    "pct1ResTime" : 1447.0,
    "pct2ResTime" : 1534.0,
    "pct3ResTime" : 1604.0,
    "throughput" : 662.7673852169735,
    "receivedKBytesPerSec" : 17.95627133282521,
    "sentKBytesPerSec" : 11.164782612297648
  }
}